{"cameraMode":{"drawMode":0,"name":"Shaded","section":"Shading Mode"},"sceneLighting":true,"audioPlay":false,"sceneViewState":{"m_AlwaysRefresh":false,"showFog":true,"showSkybox":true,"showFlares":true,"showImageEffects":true,"showParticleSystems":true,"showVisualEffectGraphs":true,"m_FxEnabled":true},"in2DMode":false,"pivot":{"x":0.6909544467926025,"y":1.4548609256744385,"z":-1.0796563625335694},"rotation":{"x":-0.03927476331591606,"y":0.9301626682281494,"z":-0.10443640500307083,"w":-0.3497960865497589},"size":2.085615634918213,"orthographic":false}